<?xml version="1.0" encoding="UTF-8"?>
<patient xmlns="http://projecthdata.org/hdata/schemas/2009/06/patient_information"
    xmlns:xsi="http://www.w3.org/2001/XMLSchema-instance"
    xsi:schemaLocation="http://projecthdata.org/hdata/schemas/2009/06/patient_information file:/Users/beuchelt/Development/hData/hData/schemas/2009/06/patient.xsd">
    <name xmlns="http://projecthdata.org/hdata/schemas/2009/06/core">
        <given>Henry</given>
        <lastname>Levin</lastname>
        <suffix>the 7th</suffix>
    </name>
    <id>123456</id>
</patient>
