<?xml version="1.0" encoding="UTF-8"?>
<medication xmlns="http://projecthdata.org/hdata/schemas/2009/06/medication"
    xmlns:xsi="http://www.w3.org/2001/XMLSchema-instance"
    xsi:schemaLocation="http://projecthdata.org/hdata/schemas/2009/06/medication file:/Users/beuchelt/Development/hData/hData/schemas/2009/06/medication.xsd">
    <frequency>
        <effectiveDateTime xmlns="http://projecthdata.org/hdata/schemas/2009/06/frequency" low="2001-10-26T21:32:52" />
        <effectiveFrequency xmlns="http://projecthdata.org/hdata/schemas/2009/06/frequency">
            <period value="6" unit="h"/>
        </effectiveFrequency>
    </frequency>
    <!-- <route code="IPINHL" codeSystem="2.16.840.1.113883.5.112" codeSystemName="RouteOfAdministration" displayName="Inhalation, oral"/> -->
    <dose value="2"/>
    <medicationInformation>
        <manufacturedMaterial>
            <codedProductName code="307782" codeSystem="2.16.840.1.113883.6.88" displayName="Albuterol 0.09 MG/ACTUAT inhalant solution" codeSystemName="RxNorm">
                <freeTextProductName>Pro-Air Albuterol</freeTextProductName>
            </codedProductName>
        </manufacturedMaterial>
    </medicationInformation>
    <statusOfMedication code="active"/>
    <narrative>
        Medication: Albuterol inhalant
        Instructions: 2 puffs QID PRN wheezing
        Status: Active
    </narrative>
</medication>
