<?xml version="1.0" encoding="UTF-8"?>
<medication xmlns="http://projecthdata.org/hdata/schemas/2009/06/medication"
    xmlns:xsi="http://www.w3.org/2001/XMLSchema-instance"
    xsi:schemaLocation="http://projecthdata.org/hdata/schemas/2009/06/medication file:/Users/beuchelt/Development/hData/hData/schemas/2009/06/medication.xsd">
    <frequency>
        <effectiveDateTime xmlns="http://projecthdata.org/hdata/schemas/2009/06/frequency" low="2001-10-26T21:32:52"/>
        <effectiveFrequency xmlns="http://projecthdata.org/hdata/schemas/2009/06/frequency">
            <period value="24" unit="h"/>    
        </effectiveFrequency>
    </frequency>
    <!-- <route code="PO" codeSystem="2.16.840.1.113883.5.112" codeSystemName="RouteOfAdministration"/> -->
    <dose value="1"/>
    <medicationInformation>
        <manufacturedMaterial>
            <codedProductName code="309362" codeSystem="2.16.840.1.113883.6.88" displayName="Clopidogrel 75 MG oral tablet">
                <freeTextProductName>Plavix</freeTextProductName>
            </codedProductName>
        </manufacturedMaterial>
    </medicationInformation>
    <statusOfMedication code="active"/>
    <narrative>
        Medication: Clopidogrel (Plavix)
        Instructions: 75mg PO daily
    </narrative>
</medication>
