<?xml version="1.0" encoding="UTF-8" standalone="yes"?>
<root xmlns="http://projecthdata.org/hdata/schemas/2009/06/core">
  <id>1234</id>
  <version>1</version>
  <created>2010-02-09-05:00</created>
  <lastModified>2010-02-09-05:00</lastModified>
  <extensions>
    <extension extensionId="1" contentType="application/xml">http://projecthdata.org/hdata/schemas/2009/06/medication</extension>
    <extension extensionId="2" contentType="application/xml">http://projecthdata.org/hdata/schemas/2009/06/patient_information</extension>
    <extension extensionId="3" contentType="application/xml">http://projecthdata.org/hdata/schemas/2009/06/result</extension>
    <extension extensionId="4" contentType="application/xml">http://projecthdata.org/hdata/schemas/2009/06/allergy</extension>
    <extension extensionId="5" contentType="image/png">http://www.w3.org/TR/PNG</extension>
  </extensions>
  <sections>
    <section extensionId="4" name="Allergies" path="allergies" />
    <section extensionId="1" name="Medications" path="medications"/>
    <section extensionId="2" name="Patient Information" path="patientinformation">
      <section extensionId="5" name="Patient Photo" path="photos" />
    </section>
    <section extensionId="3" name="Vital Signs" path="vitalsigns">
      <section extensionId="3" name="Blood Pressure" path="bloodpressure"/>
      <section extensionId="3" name="Body Height" path="bodyheight"/>
      <section extensionId="3" name="Body Weight" path="bodyweight"/>
    </section>
  </sections>
</root>
